{
	"name" : "MainScene",
	"sceneGraph" : 
	{
		"object" : 
		{
			"children" : 
			[
				{
					"object" : 
					{
						"children" : 
						[
							{
								"object" : 
								{
									"components" : 
									[
										{
											"object" : 
											{
												"modelPath" : "C:\\Studia\\Semestr6\\SparkRenderer\\res\\models\\box\\box.obj"
											},
											"type" : 2
										}
									],
									"localTransform" : 
									{
										"position" : 
										[
											0.0,
											2.0,
											0.0
										],
										"rotationEuler" : 
										[
											45.0,
											45.0,
											45.0
										],
										"scale" : 
										[
											1.0,
											1.0,
											1.0
										]
									},
									"name" : "SecondModel",
									"worldTransform" : 
									{
										"modelMatrix" : 
										[
											[
												0.86453574895858765,
												0.42323222756385803,
												-0.27102071046829224,
												0.0
											],
											[
												0.43641453981399536,
												-0.36477842926979065,
												0.82248330116271973,
												0.0
											],
											[
												0.24923890829086304,
												-0.82934373617172241,
												-0.50006884336471558,
												0.0
											],
											[
												0.94847333431243896,
												1.2313230037689209,
												1.2586667537689209,
												1.0
											]
										]
									}
								},
								"type" : 1
							}
						],
						"components" : 
						[
							{
								"object" : 
								{
									"modelPath" : "C:\\Studia\\Semestr6\\SparkRenderer\\res\\models\\box\\box.obj"
								},
								"type" : 2
							}
						],
						"localTransform" : 
						{
							"position" : 
							[
								0.0,
								0.0,
								0.0
							],
							"rotationEuler" : 
							[
								52.0,
								37.0,
								0.0
							],
							"scale" : 
							[
								1.0,
								1.0,
								1.0
							]
						},
						"name" : "FirstModel",
						"worldTransform" : 
						{
							"modelMatrix" : 
							[
								[
									0.79863554239273071,
									0.0,
									-0.60181498527526855,
									0.0
								],
								[
									0.47423666715621948,
									0.61566150188446045,
									0.62933337688446045,
									0.0
								],
								[
									0.37051430344581604,
									-0.78801071643829346,
									0.49168914556503296,
									0.0
								],
								[
									0.0,
									0.0,
									0.0,
									1.0
								]
							]
						}
					},
					"type" : 1
				}
			],
			"localTransform" : 
			{
				"position" : 
				[
					0.0,
					0.0,
					0.0
				],
				"rotationEuler" : 
				[
					0.0,
					0.0,
					0.0
				],
				"scale" : 
				[
					1.0,
					1.0,
					1.0
				]
			},
			"name" : "Root",
			"worldTransform" : 
			{
				"modelMatrix" : 
				[
					[
						1.0,
						0.0,
						0.0,
						0.0
					],
					[
						0.0,
						1.0,
						0.0,
						0.0
					],
					[
						0.0,
						0.0,
						1.0,
						0.0
					],
					[
						0.0,
						0.0,
						0.0,
						1.0
					]
				]
			}
		},
		"type" : 1
	}
}