{
	"camera" : 
	{
		"SerializableType" : 3,
		"id" : 1,
		"object" : 
		{
			"Front" : 
			[
				0.021917082369327545,
				-0.77824246883392334,
				-0.62758129835128784
			],
			"Pitch" : -51.099937438964844,
			"Position" : 
			[
				12.139717102050781,
				10.330654144287109,
				19.884481430053711
			],
			"Right" : 
			[
				0.99939072132110596,
				-0.0,
				0.034901820123195648
			],
			"Up" : 
			[
				0.027162078768014908,
				0.62796390056610107,
				-0.77776831388473511
			],
			"Yaw" : -447.9998779296875,
			"cameraMode" : 0,
			"cameraTarget" : 
			[
				12.16163444519043,
				9.5524120330810547,
				19.256900787353516
			],
			"fov" : 60.0,
			"zFar" : 100.0,
			"zNear" : 0.10000000149011612
		}
	},
	"cameraMovement" : true,
	"name" : "MainScene",
	"sceneGraph" : 
	{
		"SerializableType" : 1,
		"id" : 1,
		"object" : 
		{
			"children" : 
			[
				{
					"SerializableType" : 1,
					"id" : 2,
					"object" : 
					{
						"children" : 
						[
							{
								"SerializableType" : 1,
								"id" : 4,
								"object" : 
								{
									"components" : 
									[
										{
											"SerializableType" : 2,
											"id" : 5,
											"object" : 
											{
												"modelPath" : "C:\\Studia\\Semestr6\\SparkRenderer\\res\\models\\box\\box.obj"
											}
										}
									],
									"localTransform" : 
									{
										"position" : 
										[
											0.0,
											2.0,
											0.0
										],
										"rotationEuler" : 
										[
											0.0,
											0.0,
											0.0
										],
										"scale" : 
										[
											1.0,
											1.0,
											1.0
										]
									},
									"name" : "SecondModel",
									"worldTransform" : 
									{
										"modelMatrix" : 
										[
											[
												0.8170238733291626,
												2.5331974029541016e-07,
												0.57660382986068726,
												0.0
											],
											[
												-0.39862483739852905,
												0.72253721952438354,
												0.56483465433120728,
												0.0
											],
											[
												-0.41661757230758667,
												-0.69133204221725464,
												0.59033024311065674,
												0.0
											],
											[
												-0.79724967479705811,
												1.4450744390487671,
												1.1296693086624146,
												1.0
											]
										]
									}
								}
							}
						],
						"components" : 
						[
							{
								"SerializableType" : 2,
								"id" : 3,
								"object" : 
								{
									"modelPath" : "C:\\Studia\\Semestr6\\SparkRenderer\\res\\models\\box\\box.obj"
								}
							}
						],
						"localTransform" : 
						{
							"position" : 
							[
								0.0,
								0.0,
								0.0
							],
							"rotationEuler" : 
							[
								43.735630035400391,
								-35.212028503417969,
								1.8458717022440396e-05
							],
							"scale" : 
							[
								1.0,
								1.0,
								1.0
							]
						},
						"name" : "FirstModel",
						"worldTransform" : 
						{
							"modelMatrix" : 
							[
								[
									0.8170238733291626,
									2.5331974029541016e-07,
									0.57660382986068726,
									0.0
								],
								[
									-0.39862483739852905,
									0.72253721952438354,
									0.56483465433120728,
									0.0
								],
								[
									-0.41661757230758667,
									-0.69133204221725464,
									0.59033024311065674,
									0.0
								],
								[
									0.0,
									0.0,
									0.0,
									1.0
								]
							]
						}
					}
				},
				{
					"SerializableType" : 1,
					"id" : 6,
					"object" : 
					{
						"components" : 
						[
							{
								"SerializableType" : 5,
								"id" : 7,
								"object" : 
								{
									"name" : "TerrainGenerator"
								}
							},
							{
								"SerializableType" : 6,
								"id" : 8,
								"object" : 
								{
									"movementSpeed" : 2.7000000476837158,
									"name" : "ActorAI"
								}
							},
							{
								"SerializableType" : 2,
								"id" : 9,
								"object" : 
								{
									"modelPath" : "C:\\Studia\\Semestr6\\SparkRenderer\\res\\models\\box\\box.obj"
								}
							}
						],
						"localTransform" : 
						{
							"position" : 
							[
								14.994138717651367,
								0.0,
								14.994138717651367
							],
							"rotationEuler" : 
							[
								-179.99909973144531,
								0.0,
								-0.49993130564689636
							],
							"scale" : 
							[
								1.0,
								1.0,
								1.0
							]
						},
						"name" : "Actor",
						"worldTransform" : 
						{
							"modelMatrix" : 
							[
								[
									0.99996191263198853,
									-0.0087253367528319359,
									-7.1054273576010019e-15,
									0.0
								],
								[
									-0.0087253367528319359,
									-0.99996185302734375,
									-1.5648203770979308e-05,
									0.0
								],
								[
									1.3653584574058186e-07,
									1.5647607142454945e-05,
									-0.99999988079071045,
									0.0
								],
								[
									14.994138717651367,
									0.0,
									14.994138717651367,
									1.0
								]
							]
						}
					}
				},
				{
					"SerializableType" : 1,
					"id" : 10,
					"object" : 
					{
						"components" : 
						[
							{
								"SerializableType" : 4,
								"id" : 11,
								"object" : 
								{
									"1" : "GeneratedTerrain",
									"name" : "MeshPlane"
								}
							}
						],
						"localTransform" : 
						{
							"position" : 
							[
								9.4226646423339844,
								-0.49500000476837158,
								9.4068536758422852
							],
							"rotationEuler" : 
							[
								90.137130737304688,
								0.0,
								-0.86672455072402954
							],
							"scale" : 
							[
								10.0,
								10.0,
								10.0
							]
						},
						"name" : "Terrain",
						"worldTransform" : 
						{
							"modelMatrix" : 
							[
								[
									9.9988555908203125,
									-0.15126620233058929,
									0.0,
									0.0
								],
								[
									-0.00036204233765602112,
									-0.023932456970214844,
									9.9999723434448242,
									0.0
								],
								[
									-0.15126577019691467,
									-9.9988279342651367,
									-0.023934841156005859,
									0.0
								],
								[
									9.4226646423339844,
									-0.49500000476837158,
									9.4068536758422852,
									1.0
								]
							]
						}
					}
				}
			],
			"localTransform" : 
			{
				"position" : 
				[
					0.0,
					0.0,
					0.0
				],
				"rotationEuler" : 
				[
					0.0,
					0.0,
					0.0
				],
				"scale" : 
				[
					1.0,
					1.0,
					1.0
				]
			},
			"name" : "Root",
			"worldTransform" : 
			{
				"modelMatrix" : 
				[
					[
						1.0,
						0.0,
						0.0,
						0.0
					],
					[
						0.0,
						1.0,
						0.0,
						0.0
					],
					[
						0.0,
						0.0,
						1.0,
						0.0
					],
					[
						0.0,
						0.0,
						0.0,
						1.0
					]
				]
			}
		}
	}
}