{
	"camera" : 
	{
		"SerializableType" : 3,
		"id" : 1,
		"object" : 
		{
			"Front" : 
			[
				0.65247565507888794,
				-0.75471210479736328,
				-0.068449653685092926
			],
			"Pitch" : -49.000209808349609,
			"Position" : 
			[
				-4.7502484321594238,
				24.656892776489258,
				15.036101341247559
			],
			"Right" : 
			[
				0.10433503240346909,
				-0.0,
				0.99454218149185181
			],
			"Up" : 
			[
				0.75059300661087036,
				0.65605628490447998,
				-0.078742913901805878
			],
			"Yaw" : -365.98886108398438,
			"cameraMode" : 0,
			"cameraTarget" : 
			[
				-4.0977725982666016,
				23.902179718017578,
				14.9676513671875
			],
			"fov" : 60.0,
			"zFar" : 100.0,
			"zNear" : 0.10000000149011612
		}
	},
	"cameraMovement" : true,
	"name" : "MainScene",
	"sceneGraph" : 
	{
		"SerializableType" : 1,
		"id" : 1,
		"object" : 
		{
			"children" : 
			[
				{
					"SerializableType" : 1,
					"id" : 2,
					"object" : 
					{
						"children" : 
						[
							{
								"SerializableType" : 1,
								"id" : 4,
								"object" : 
								{
									"components" : 
									[
										{
											"SerializableType" : 2,
											"id" : 5,
											"object" : 
											{
												"active" : true,
												"instanced" : false,
												"modelPath" : "..\\res\\models\\sphere2\\sphere2.obj",
												"name" : "ModelMesh"
											}
										}
									],
									"localTransform" : 
									{
										"position" : 
										[
											0.0,
											2.0,
											0.0
										],
										"rotationEuler" : 
										[
											0.0,
											0.0,
											0.0
										],
										"scale" : 
										[
											1.0,
											1.0,
											1.0
										]
									},
									"name" : "SecondModel",
									"worldTransform" : 
									{
										"modelMatrix" : 
										[
											[
												0.81529629230499268,
												0.012656889855861664,
												0.57890558242797852,
												0.0
											],
											[
												-0.14034563302993774,
												0.9742702841758728,
												0.17635352909564972,
												0.0
											],
											[
												-0.56177842617034912,
												-0.22502724826335907,
												0.79609531164169312,
												0.0
											],
											[
												-0.28069126605987549,
												1.9485405683517456,
												0.35270705819129944,
												1.0
											]
										]
									}
								}
							}
						],
						"components" : 
						[
							{
								"SerializableType" : 2,
								"id" : 3,
								"object" : 
								{
									"active" : true,
									"instanced" : false,
									"modelPath" : "..\\res\\models\\box\\box.obj",
									"name" : "ModelMesh"
								}
							}
						],
						"localTransform" : 
						{
							"position" : 
							[
								0.0,
								0.0,
								0.0
							],
							"rotationEuler" : 
							[
								12.490632057189941,
								-35.373607635498047,
								0.88940417766571045
							],
							"scale" : 
							[
								1.0,
								1.0,
								1.0
							]
						},
						"name" : "FirstModel",
						"worldTransform" : 
						{
							"modelMatrix" : 
							[
								[
									0.81529629230499268,
									0.012656889855861664,
									0.57890558242797852,
									0.0
								],
								[
									-0.14034563302993774,
									0.9742702841758728,
									0.17635352909564972,
									0.0
								],
								[
									-0.56177842617034912,
									-0.22502724826335907,
									0.79609531164169312,
									0.0
								],
								[
									0.0,
									0.0,
									0.0,
									1.0
								]
							]
						}
					}
				},
				{
					"SerializableType" : 1,
					"id" : 6,
					"object" : 
					{
						"components" : 
						[
							{
								"SerializableType" : 6,
								"id" : 7,
								"object" : 
								{
									"autoWalking" : false,
									"drawPath" : true,
									"movementSpeed" : 2.7000000476837158,
									"name" : "ActorAI"
								}
							},
							{
								"SerializableType" : 2,
								"id" : 8,
								"object" : 
								{
									"active" : true,
									"instanced" : false,
									"modelPath" : "..\\res\\models\\sphere\\sphere.obj",
									"name" : "ModelMesh"
								}
							}
						],
						"localTransform" : 
						{
							"position" : 
							[
								0.032610073685646057,
								0.087066449224948883,
								-0.28904193639755249
							],
							"rotationEuler" : 
							[
								-179.99909973144531,
								0.0,
								-0.49993130564689636
							],
							"scale" : 
							[
								0.43999993801116943,
								0.43999987840652466,
								0.43999987840652466
							]
						},
						"name" : "Actor",
						"worldTransform" : 
						{
							"modelMatrix" : 
							[
								[
									0.43998318910598755,
									-0.0038391477428376675,
									-3.1263875968873082e-15,
									0.0
								],
								[
									-0.0038391470443457365,
									-0.43998309969902039,
									-6.8852077674819157e-06,
									0.0
								],
								[
									6.0075755925481644e-08,
									6.8849453782604542e-06,
									-0.43999981880187988,
									0.0
								],
								[
									0.032610073685646057,
									0.087066449224948883,
									-0.28904193639755249,
									1.0
								]
							]
						}
					}
				},
				{
					"SerializableType" : 1,
					"id" : 9,
					"object" : 
					{
						"components" : 
						[
							{
								"SerializableType" : 5,
								"id" : 10,
								"object" : 
								{
									"name" : "TerrainGenerator"
								}
							}
						],
						"localTransform" : 
						{
							"position" : 
							[
								9.0,
								-0.094999998807907104,
								9.4068536758422852
							],
							"rotationEuler" : 
							[
								-90.0,
								-89.989997863769531,
								0.0
							],
							"scale" : 
							[
								10.0,
								10.0,
								10.0
							]
						},
						"name" : "Terrain",
						"worldTransform" : 
						{
							"modelMatrix" : 
							[
								[
									0.0017452239990234375,
									0.0,
									10.0,
									0.0
								],
								[
									10.0,
									0.0,
									-0.0017452239990234375,
									0.0
								],
								[
									0.0,
									10.0,
									0.0,
									0.0
								],
								[
									9.0,
									-0.094999998807907104,
									9.4068536758422852,
									1.0
								]
							]
						}
					}
				},
				{
					"SerializableType" : 1,
					"id" : 11,
					"object" : 
					{
						"components" : 
						[
							{
								"SerializableType" : 2,
								"id" : 12,
								"object" : 
								{
									"active" : true,
									"instanced" : false,
									"modelPath" : "..\\res\\models\\box\\box.obj",
									"name" : "ModelMesh"
								}
							},
							{
								"SerializableType" : 6,
								"id" : 13,
								"object" : 
								{
									"autoWalking" : false,
									"drawPath" : false,
									"movementSpeed" : 4.0999999046325684,
									"name" : "ActorAI"
								}
							}
						],
						"localTransform" : 
						{
							"position" : 
							[
								7.4293842315673828,
								0.0,
								7.4243083000183105
							],
							"rotationEuler" : 
							[
								0.0,
								0.0,
								0.0
							],
							"scale" : 
							[
								1.0,
								1.0,
								1.0
							]
						},
						"name" : "Actor2",
						"worldTransform" : 
						{
							"modelMatrix" : 
							[
								[
									1.0,
									0.0,
									0.0,
									0.0
								],
								[
									0.0,
									1.0,
									0.0,
									0.0
								],
								[
									0.0,
									0.0,
									1.0,
									0.0
								],
								[
									7.4293842315673828,
									0.0,
									7.4243083000183105,
									1.0
								]
							]
						}
					}
				},
				{
					"SerializableType" : 1,
					"id" : 14,
					"object" : 
					{
						"components" : 
						[
							{
								"SerializableType" : 7,
								"id" : 15,