{
	"camera" : 
	{
		"SerializableType" : 3,
		"id" : 1,
		"object" : 
		{
			"Front" : 
			[
				0.011753804050385952,
				-0.66522854566574097,
				-0.74654728174209595
			],
			"Pitch" : -41.699863433837891,
			"Position" : 
			[
				9.1564254760742188,
				10.505167007446289,
				23.455926895141602
			],
			"Right" : 
			[
				0.99987596273422241,
				-0.0,
				0.015742266550660133
			],
			"Up" : 
			[
				0.010472206398844719,
				0.74663972854614258,
				-0.6651461124420166
			],
			"Yaw" : -449.09799194335938,
			"cameraMode" : 0,
			"cameraTarget" : 
			[
				9.1681795120239258,
				9.8399381637573242,
				22.709379196166992
			],
			"fov" : 60.0,
			"zFar" : 100.0,
			"zNear" : 0.10000000149011612
		}
	},
	"cameraMovement" : true,
	"name" : "MainScene",
	"sceneGraph" : 
	{
		"SerializableType" : 1,
		"id" : 1,
		"object" : 
		{
			"children" : 
			[
				{
					"SerializableType" : 1,
					"id" : 2,
					"object" : 
					{
						"children" : 
						[
							{
								"SerializableType" : 1,
								"id" : 4,
								"object" : 
								{
									"components" : 
									[
										{
											"SerializableType" : 2,
											"id" : 5,
											"object" : 
											{
												"modelPath" : "..\\res\\models\\sphere2\\sphere2.obj",
												"name" : "ModelMesh"
											}
										}
									],
									"localTransform" : 
									{
										"position" : 
										[
											0.0,
											2.0,
											0.0
										],
										"rotationEuler" : 
										[
											0.0,
											0.0,
											0.0
										],
										"scale" : 
										[
											1.0,
											1.0,
											1.0
										]
									},
									"name" : "SecondModel",
									"worldTransform" : 
									{
										"modelMatrix" : 
										[
											[
												0.81529629230499268,
												0.012656889855861664,
												0.57890558242797852,
												0.0
											],
											[
												-0.14034563302993774,
												0.9742702841758728,
												0.17635352909564972,
												0.0
											],
											[
												-0.56177842617034912,
												-0.22502724826335907,
												0.79609531164169312,
												0.0
											],
											[
												-0.28069126605987549,
												1.9485405683517456,
												0.35270705819129944,
												1.0
											]
										]
									}
								}
							}
						],
						"components" : 
						[
							{
								"SerializableType" : 2,
								"id" : 3,
								"object" : 
								{
									"modelPath" : "..\\res\\models\\box\\box.obj",
									"name" : "ModelMesh"
								}
							}
						],
						"localTransform" : 
						{
							"position" : 
							[
								0.0,
								0.0,
								0.0
							],
							"rotationEuler" : 
							[
								12.490632057189941,
								-35.373607635498047,
								0.88940417766571045
							],
							"scale" : 
							[
								1.0,
								1.0,
								1.0
							]
						},
						"name" : "FirstModel",
						"worldTransform" : 
						{
							"modelMatrix" : 
							[
								[
									0.81529629230499268,
									0.012656889855861664,
									0.57890558242797852,
									0.0
								],
								[
									-0.14034563302993774,
									0.9742702841758728,
									0.17635352909564972,
									0.0
								],
								[
									-0.56177842617034912,
									-0.22502724826335907,
									0.79609531164169312,
									0.0
								],
								[
									0.0,
									0.0,
									0.0,
									1.0
								]
							]
						}
					}
				},
				{
					"SerializableType" : 1,
					"id" : 6,
					"object" : 
					{
						"components" : 
						[
							{
								"SerializableType" : 6,
								"id" : 7,
								"object" : 
								{
									"movementSpeed" : 2.7000000476837158,
									"name" : "ActorAI",
									"terrainGenerator" : 
									{
										"SerializableType" : 5,
										"id" : 8,
										"object" : 
										{
											"name" : "TerrainGenerator",
											"terrainSize" : 20
										}
									}
								}
							},
							{
								"SerializableType" : 2,
								"id" : 9,
								"object" : 
								{
									"modelPath" : "..\\res\\models\\sphere\\sphere.obj",
									"name" : "ModelMesh"
								}
							}
						],
						"localTransform" : 
						{
							"position" : 
							[
								11.999987602233887,
								0.0,
								8.2301864624023438
							],
							"rotationEuler" : 
							[
								-179.99909973144531,
								0.0,
								-0.49993130564689636
							],
							"scale" : 
							[
								0.43999993801116943,
								0.43999987840652466,
								0.43999987840652466
							]
						},
						"name" : "Actor",
						"worldTransform" : 
						{
							"modelMatrix" : 
							[
								[
									0.43998318910598755,
									-0.0038391477428376675,
									-3.1263875968873082e-15,
									0.0
								],
								[
									-0.0038391470443457365,
									-0.43998309969902039,
									-6.8852077674819157e-06,
									0.0
								],
								[
									6.0075755925481644e-08,
									6.8849453782604542e-06,
									-0.43999981880187988,
									0.0
								],
								[
									11.99998664855957,
									0.0,
									8.2390842437744141,
									1.0
								]
							]
						}
					}
				},
				{
					"SerializableType" : 1,
					"id" : 10,
					"object" : 
					{
						"components" : 
						[
							{
								"SerializableType" : 4,
								"id" : 11,
								"object" : 
								{
									"1" : "GeneratedTerrain",
									"name" : "MeshPlane"
								}
							},
							{
								"SerializableType" : 5,
								"id" : 8
							}
						],
						"localTransform" : 
						{
							"position" : 
							[
								9.4226646423339844,
								-0.49500000476837158,
								9.4068536758422852
							],
							"rotationEuler" : 
							[
								90.137130737304688,
								0.0,
								-0.86672455072402954
							],
							"scale" : 
							[
								10.0,
								10.0,
								10.0
							]
						},
						"name" : "Terrain",
						"worldTransform" : 
						{
							"modelMatrix" : 
							[
								[
									9.9988555908203125,
									-0.15126620233058929,
									0.0,
									0.0
								],
								[
									-0.00036204233765602112,
									-0.023932456970214844,
									9.9999723434448242,
									0.0
								],
								[
									-0.15126577019691467,
									-9.9988279342651367,
									-0.023934841156005859,
									0.0
								],
								[
									9.4226646423339844,
									-0.49500000476837158,
									9.4068536758422852,
									1.0
								]
							]
						}
					}
				},
				{
					"SerializableType" : 1,
					"id" : 12,
					"object" : 
					{
						"components" : 
						[
							{
								"SerializableType" : 2,
								"id" : 13,
								"object" : 
								{
									"modelPath" : "..\\res\\models\\box\\box.obj",
									"name" : "ModelMesh"
								}
							},
							{
								"SerializableType" : 6,
								"id" : 14,
								"object" : 
								{
									"movementSpeed" : 4.0999999046325684,
									"name" : "ActorAI",
									"terrainGenerator" : 
									{
										"SerializableType" : 5,
										"id" : 8
									}
								}
							}
						],
						"localTransform" : 
						{
							"position" : 
							[
								1.0,
								0.0,
								9.9129219055175781
							],
							"rotationEuler" : 
							[
								0.0,
								0.0,
								0.0
							],
							"scale" : 
							[
								1.0,
								1.0,
								1.0
							]
						},
						"name" : "Actor2",
						"worldTransform" : 
						{
							"modelMatrix" : 
							[
								[
									1.0,
									0.0,
									0.0,
									0.0
								],
								[
									0.0,
									1.0,
									0.0,
									0.0
								],
								[
									0.0,
									0.0,
									1.0,
									0.0
								],
								[
									1.0,
									0.0,
									9.8994102478027344,
									1.0
								]
							]
						}
					}
				},
				{
					"SerializableType" : 1,
					"id" : 15,