{
	"camera" : 
	{
		"SerializableType" : 3,
		"id" : 1,
		"object" : 
		{
			"Front" : 
			[
				0.43307241797447205,
				-0.69088214635848999,
				-0.57890439033508301
			],
			"Pitch" : -43.699974060058594,
			"Position" : 
			[
				3.9316737651824951,
				11.374604225158691,
				24.70587158203125
			],
			"Right" : 
			[
				0.80073362588882446,
				-0.0,
				0.59902060031890869
			],
			"Up" : 
			[
				0.41385257244110107,
				0.72296744585037231,
				-0.55321252346038818
			],
			"Yaw" : -53.200218200683594,
			"cameraMode" : 0,
			"cameraTarget" : 
			[
				4.36474609375,
				10.683722496032715,
				24.12696647644043
			],
			"fov" : 60.0,
			"zFar" : 100.0,
			"zNear" : 0.10000000149011612
		}
	},
	"cameraMovement" : true,
	"name" : "MainScene",
	"sceneGraph" : 
	{
		"SerializableType" : 1,
		"id" : 1,
		"object" : 
		{
			"children" : 
			[
				{
					"SerializableType" : 1,
					"id" : 2,
					"object" : 
					{
						"children" : 
						[
							{
								"SerializableType" : 1,
								"id" : 4,
								"object" : 
								{
									"components" : 
									[
										{
											"SerializableType" : 2,
											"id" : 5,
											"object" : 
											{
												"modelPath" : "C:\\Studia\\Semestr6\\SparkRenderer\\res\\models\\box\\box.obj"
											}
										}
									],
									"localTransform" : 
									{
										"position" : 
										[
											0.0,
											2.0,
											0.0
										],
										"rotationEuler" : 
										[
											0.0,
											0.0,
											0.0
										],
										"scale" : 
										[
											1.0,
											1.0,
											1.0
										]
									},
									"name" : "SecondModel",
									"worldTransform" : 
									{
										"modelMatrix" : 
										[
											[
												0.8170238733291626,
												2.5331974029541016e-07,
												0.57660382986068726,
												0.0
											],
											[
												-0.39862483739852905,
												0.72253721952438354,
												0.56483465433120728,
												0.0
											],
											[
												-0.41661757230758667,
												-0.69133204221725464,
												0.59033024311065674,
												0.0
											],
											[
												-0.79724967479705811,
												1.4450744390487671,
												1.1296693086624146,
												1.0
											]
										]
									}
								}
							}
						],
						"components" : 
						[
							{
								"SerializableType" : 2,
								"id" : 3,
								"object" : 
								{
									"modelPath" : "C:\\Studia\\Semestr6\\SparkRenderer\\res\\models\\box\\box.obj"
								}
							}
						],
						"localTransform" : 
						{
							"position" : 
							[
								0.0,
								0.0,
								0.0
							],
							"rotationEuler" : 
							[
								43.735630035400391,
								-35.212028503417969,
								1.8458717022440396e-05
							],
							"scale" : 
							[
								1.0,
								1.0,
								1.0
							]
						},
						"name" : "FirstModel",
						"worldTransform" : 
						{
							"modelMatrix" : 
							[
								[
									0.8170238733291626,
									2.5331974029541016e-07,
									0.57660382986068726,
									0.0
								],
								[
									-0.39862483739852905,
									0.72253721952438354,
									0.56483465433120728,
									0.0
								],
								[
									-0.41661757230758667,
									-0.69133204221725464,
									0.59033024311065674,
									0.0
								],
								[
									0.0,
									0.0,
									0.0,
									1.0
								]
							]
						}
					}
				},
				{
					"SerializableType" : 1,
					"id" : 6,
					"object" : 
					{
						"components" : 
						[
							{
								"SerializableType" : 5,
								"id" : 7,
								"object" : 
								{
									"name" : "TerrainGenerator"
								}
							},
							{
								"SerializableType" : 6,
								"id" : 8,
								"object" : 
								{
									"name" : "ActorAI"
								}
							},
							{
								"SerializableType" : 2,
								"id" : 9,
								"object" : 
								{
									"modelPath" : "C:\\Studia\\Semestr6\\SparkRenderer\\res\\models\\box\\box.obj"
								}
							}
						],
						"localTransform" : 
						{
							"position" : 
							[
								0.098507724702358246,
								0.0,
								2.792489330050163e-12
							],
							"rotationEuler" : 
							[
								-179.99909973144531,
								0.0,
								-0.49993130564689636
							],
							"scale" : 
							[
								1.0,
								1.0,
								1.0
							]
						},
						"name" : "Actor",
						"worldTransform" : 
						{
							"modelMatrix" : 
							[
								[
									0.99996191263198853,
									-0.0087253367528319359,
									-7.1054273576010019e-15,
									0.0
								],
								[
									-0.0087253367528319359,
									-0.99996185302734375,
									-1.5648203770979308e-05,
									0.0
								],
								[
									1.3653584574058186e-07,
									1.5647607142454945e-05,
									-0.99999988079071045,
									0.0
								],
								[
									0.098507724702358246,
									0.0,
									2.792489330050163e-12,
									1.0
								]
							]
						}
					}
				},
				{
					"SerializableType" : 1,
					"id" : 10,
					"object" : 
					{
						"components" : 
						[
							{
								"SerializableType" : 4,
								"id" : 11,
								"object" : 
								{
									"1" : "GeneratedTerrain",
									"name" : "MeshPlane"
								}
							}
						],
						"localTransform" : 
						{
							"position" : 
							[
								10.0,
								-1.1699999570846558,
								10.0
							],
							"rotationEuler" : 
							[
								90.137130737304688,
								0.0,
								-0.86672455072402954
							],
							"scale" : 
							[
								10.0,
								10.0,
								10.0
							]
						},
						"name" : "Terrain",
						"worldTransform" : 
						{
							"modelMatrix" : 
							[
								[
									9.9988555908203125,
									-0.15126620233058929,
									0.0,
									0.0
								],
								[
									-0.00036204233765602112,
									-0.023932456970214844,
									9.9999723434448242,
									0.0
								],
								[
									-0.15126577019691467,
									-9.9988279342651367,
									-0.023934841156005859,
									0.0
								],
								[
									10.0,
									-1.1699999570846558,
									10.0,
									1.0
								]
							]
						}
					}
				}
			],
			"localTransform" : 
			{
				"position" : 
				[
					0.0,
					0.0,
					0.0
				],
				"rotationEuler" : 
				[
					0.0,
					0.0,
					0.0
				],
				"scale" : 
				[
					1.0,
					1.0,
					1.0
				]
			},
			"name" : "Root",
			"worldTransform" : 
			{
				"modelMatrix" : 
				[
					[
						1.0,
						0.0,
						0.0,
						0.0
					],
					[
						0.0,
						1.0,
						0.0,
						0.0
					],
					[
						0.0,
						0.0,
						1.0,
						0.0
					],
					[
						0.0,
						0.0,
						0.0,
						1.0
					]
				]
			}
		}
	}
}