{
	"camera" : 
	{
		"SerializableType" : 3,
		"id" : 1,
		"object" : 
		{
			"Front" : 
			[
				0.61311811208724976,
				-0.63067275285720825,
				0.47574993968009949
			],
			"Pitch" : -39.099777221679688,
			"Position" : 
			[
				-6.7328782081604004,
				14.739780426025391,
				-3.7069551944732666
			],
			"Right" : 
			[
				-0.61304128170013428,
				0.0,
				0.79005098342895508
			],
			"Up" : 
			[
				0.49826362729072571,
				0.77604889869689941,
				0.3866284191608429
			],
			"Yaw" : -322.19027709960938,
			"cameraMode" : 0,
			"cameraTarget" : 
			[
				-6.1197600364685059,
				14.109107971191406,
				-3.2312052249908447
			],
			"fov" : 60.0,
			"zFar" : 100.0,
			"zNear" : 0.10000000149011612
		}
	},
	"cameraMovement" : true,
	"name" : "MainScene",
	"sceneGraph" : 
	{
		"SerializableType" : 1,
		"id" : 1,
		"object" : 
		{
			"children" : 
			[
				{
					"SerializableType" : 1,
					"id" : 2,
					"object" : 
					{
						"components" : 
						[
							{
								"SerializableType" : 6,
								"id" : 3,
								"object" : 
								{
									"autoWalking" : false,
									"drawPath" : true,
									"movementSpeed" : 2.7000000476837158,
									"name" : "ActorAI"
								}
							},
							{
								"SerializableType" : 2,
								"id" : 4,
								"object" : 
								{
									"active" : true,
									"instanced" : false,
									"modelPath" : "..\\res\\models\\sphere\\sphere.obj",
									"name" : "ModelMesh"
								}
							}
						],
						"localTransform" : 
						{
							"position" : 
							[
								-0.025416918098926544,
								0.15110130608081818,
								-0.082320787012577057
							],
							"rotationEuler" : 
							[
								-179.99909973144531,
								0.0,
								-0.49993130564689636
							],
							"scale" : 
							[
								0.43999993801116943,
								0.43999987840652466,
								0.43999987840652466
							]
						},
						"name" : "Actor",
						"worldTransform" : 
						{
							"modelMatrix" : 
							[
								[
									0.43998318910598755,
									-0.0038391477428376675,
									-3.1263875968873082e-15,
									0.0
								],
								[
									-0.0038391470443457365,
									-0.43998309969902039,
									-6.8852077674819157e-06,
									0.0
								],
								[
									6.0075755925481644e-08,
									6.8849453782604542e-06,
									-0.43999981880187988,
									0.0
								],
								[
									-0.025416918098926544,
									0.15110130608081818,
									-0.082320787012577057,
									1.0
								]
							]
						}
					}
				},
				{
					"SerializableType" : 1,
					"id" : 5,
					"object" : 
					{
						"components" : 
						[
							{
								"SerializableType" : 5,
								"id" : 6,
								"object" : 
								{
									"name" : "TerrainGenerator"
								}
							}
						],
						"localTransform" : 
						{
							"position" : 
							[
								9.0,
								-0.094999998807907104,
								9.4068536758422852
							],
							"rotationEuler" : 
							[
								-90.0,
								-89.989997863769531,
								0.0
							],
							"scale" : 
							[
								10.0,
								10.0,
								10.0
							]
						},
						"name" : "Terrain",
						"worldTransform" : 
						{
							"modelMatrix" : 
							[
								[
									0.0017452239990234375,
									0.0,
									10.0,
									0.0
								],
								[
									10.0,
									0.0,
									-0.0017452239990234375,
									0.0
								],
								[
									0.0,
									10.0,
									0.0,
									0.0
								],
								[
									9.0,
									-0.094999998807907104,
									9.4068536758422852,
									1.0
								]
							]
						}
					}
				},
				{
					"SerializableType" : 1,
					"id" : 7,
					"object" : 
					{
						"components" : 
						[
							{
								"SerializableType" : 7,
								"id" : 8,
								"object" : 
								{
									"color" : 
									[
										0.9950980544090271,
										0.99508810043334961,
										0.99508810043334961
									],
									"colorStrength" : 5.4600000381469727,
									"direction" : 
									[
										0.0,
										-1.0,
										-0.18500000238418579
									],
									"name" : "DirectionalLight"
								}
							}
						],
						"localTransform" : 
						{
							"position" : 
							[
								0.0,
								0.0,
								0.0
							],
							"rotationEuler" : 
							[
								0.0,
								0.0,
								0.0
							],
							"scale" : 
							[
								1.0,
								1.0,
								1.0
							]
						},
						"name" : "dirLight",
						"worldTransform" : 
						{
							"modelMatrix" : 
							[
								[
									1.0,
									0.0,
									0.0,
									0.0
								],
								[
									0.0,
									1.0,
									0.0,
									0.0
								],
								[
									0.0,
									0.0,
									1.0,
									0.0
								],
								[
									0.0,
									0.0,
									0.0,
									1.0
								]
							]
						}
					}
				},
				{
					"SerializableType" : 1,
					"id" : 9,
					"object" : 
					{
						"components" : 
						[
							{
								"SerializableType" : 4,
								"id" : 10,
								"object" : 
								{
									"1" : "..\\res\\M5.DDS",
									"2" : "..\\res\\models\\mapPlane\\sphere3_Normal.DDS",
									"3" : "..\\res\\models\\sphere2\\sphere2_Metalness.DDS",
									"4" : "..\\res\\models\\sphere4\\sphere4_Metalness.DDS",
									"active" : false,
									"name" : "MeshPlane"
								}
							}
						],
						"localTransform" : 
						{
							"position" : 
							[
								22.179824829101563,
								-0.3372960090637207,
								21.791942596435547
							],
							"rotationEuler" : 
							[
								84.723060607910156,
								-89.216667175292969,
								5.1036310195922852
							],
							"scale" : 
							[
								22.5,
								22.5,
								1.0
							]
						},
						"name" : "M5",
						"worldTransform" : 
						{
							"modelMatrix" : 
							[
								[
									0.30638203024864197,
									0.027363225817680359,
									22.497898101806641,
									0.0
								],
								[
									-22.497810363769531,
									0.068243443965911865,
									0.3062988817691803,
									0.0
								],
								[
									-0.0030162334442138672,
									-0.99999469518661499,
									0.0012572407722473145,
									0.0
								],
								[
									22.179824829101563,
									-0.3372960090637207,
									21.791942596435547,
									1.0
								]
							]
						}
					}
				},
				{
					"SerializableType" : 1,
					"id" : 11,
					"object" : 
					{
						"components" : 
						[
							{
								"SerializableType" : 4,
								"id" : 12,
								"object" : 
								{
									"1" : "..\\res\\M4.DDS",
									"2" : "..\\res\\models\\mapPlane\\sphere3_Normal.DDS",
									"3" : "..\\res\\models\\sphere2\\sphere2_Metalness.DDS",
									"4" : "..\\res\\models\\sphere4\\sphere4_Metalness.DDS",
									"active" : false,
									"name" : "MeshPlane"
								}
							}
						],
						"localTransform" : 
						{
							"position" : 
							[
								14.5,
								-0.19499999284744263,
								14.465000152587891
							],
							"rotationEuler" : 
							[
								-24.26384162902832,
								-89.412666320800781,
								112.98626708984375
							],
							"scale" : 
							[
								15.0,
								15.0,
								1.0
							]
						},
						"name" : "M4",
						"worldTransform" : 
						{
							"modelMatrix" : 
							[
								[
									-0.060049295425415039,
									0.14155179262161255,
									14.999215126037598,
									0.0
								],
								[
									-14.996147155761719,
									0.33413887023925781,
									-0.06318703293800354,
									0.0
								],
								[
									-0.022314697504043579,
									-0.99970746040344238,
									0.0093449950218200684,
									0.0
								],
								[
									14.5,
									-0.19499999284744263,
									14.465000152587891,
									1.0
								]
							]
						}
					}
				},
				{
					"SerializableType" : 1,
					"id" : 13,
					"object" : 
					{
						"components" : 
						[
							{
								"SerializableType" : 4,