{
	"name" : "MainScene",
	"sceneGraph" : 
	{
		"SerializableType" : 1,
		"id" : 1,
		"object" : 
		{
			"children" : 
			[
				{
					"SerializableType" : 1,
					"id" : 2,
					"object" : 
					{
						"children" : 
						[
							{
								"SerializableType" : 1,
								"id" : 4,
								"object" : 
								{
									"components" : 
									[
										{
											"SerializableType" : 2,
											"id" : 5,
											"object" : 
											{
												"modelPath" : "C:\\Studia\\Semestr6\\SparkRenderer\\res\\models\\box\\box.obj"
											}
										}
									],
									"localTransform" : 
									{
										"position" : 
										[
											0.0,
											2.0,
											0.0
										],
										"rotationEuler" : 
										[
											0.0,
											0.0,
											0.0
										],
										"scale" : 
										[
											1.0,
											1.0,
											1.0
										]
									},
									"name" : "SecondModel",
									"worldTransform" : 
									{
										"modelMatrix" : 
										[
											[
												0.8170238733291626,
												2.5331974029541016e-07,
												0.57660382986068726,
												0.0
											],
											[
												-0.39862483739852905,
												0.72253721952438354,
												0.56483465433120728,
												0.0
											],
											[
												-0.41661757230758667,
												-0.69133204221725464,
												0.59033024311065674,
												0.0
											],
											[
												-0.79724967479705811,
												1.4450744390487671,
												1.1296693086624146,
												1.0
											]
										]
									}
								}
							}
						],
						"components" : 
						[
							{
								"SerializableType" : 2,
								"id" : 3,
								"object" : 
								{
									"modelPath" : "C:\\Studia\\Semestr6\\SparkRenderer\\res\\models\\box\\box.obj"
								}
							}
						],
						"localTransform" : 
						{
							"position" : 
							[
								0.0,
								0.0,
								0.0
							],
							"rotationEuler" : 
							[
								43.735630035400391,
								-35.212028503417969,
								1.8458717022440396e-05
							],
							"scale" : 
							[
								1.0,
								1.0,
								1.0
							]
						},
						"name" : "FirstModel",
						"worldTransform" : 
						{
							"modelMatrix" : 
							[
								[
									0.8170238733291626,
									2.5331974029541016e-07,
									0.57660382986068726,
									0.0
								],
								[
									-0.39862483739852905,
									0.72253721952438354,
									0.56483465433120728,
									0.0
								],
								[
									-0.41661757230758667,
									-0.69133204221725464,
									0.59033024311065674,
									0.0
								],
								[
									0.0,
									0.0,
									0.0,
									1.0
								]
							]
						}
					}
				},
				{
					"SerializableType" : 1,
					"id" : 6,
					"object" : 
					{
						"components" : 
						[
							{
								"SerializableType" : 4,
								"id" : 7,
								"object" : 
								{
									"1" : "",
									"name" : "MeshPlane"
								}
							},
							{
								"SerializableType" : 5,
								"id" : 8,
								"object" : 
								{
									"name" : "TerrainGenerator"
								}
							}
						],
						"localTransform" : 
						{
							"position" : 
							[
								0.0,
								0.0,
								0.86500000953674316
							],
							"rotationEuler" : 
							[
								0.0,
								0.0,
								0.0
							],
							"scale" : 
							[
								1.0,
								1.0,
								1.0
							]
						},
						"name" : "GameObject",
						"worldTransform" : 
						{
							"modelMatrix" : 
							[
								[
									1.0,
									0.0,
									0.0,
									0.0
								],
								[
									0.0,
									1.0,
									0.0,
									0.0
								],
								[
									0.0,
									0.0,
									1.0,
									0.0
								],
								[
									0.0,
									0.0,
									0.86500000953674316,
									1.0
								]
							]
						}
					}
				}
			],
			"localTransform" : 
			{
				"position" : 
				[
					0.0,
					0.0,
					0.0
				],
				"rotationEuler" : 
				[
					0.0,
					0.0,
					0.0
				],
				"scale" : 
				[
					1.0,
					1.0,
					1.0
				]
			},
			"name" : "Root",
			"worldTransform" : 
			{
				"modelMatrix" : 
				[
					[
						1.0,
						0.0,
						0.0,
						0.0
					],
					[
						0.0,
						1.0,
						0.0,
						0.0
					],
					[
						0.0,
						0.0,
						1.0,
						0.0
					],
					[
						0.0,
						0.0,
						0.0,
						1.0
					]
				]
			}
		}
	}
}