{
	"camera" : 
	{
		"SerializableType" : 3,
		"id" : 1,
		"object" : 
		{
			"Front" : 
			[
				0.016942929476499557,
				-0.66652935743331909,
				-0.74528628587722778
			],
			"Pitch" : -41.799758911132813,
			"Position" : 
			[
				9.8266744613647461,
				8.5568304061889648,
				22.508600234985352
			],
			"Right" : 
			[
				0.99974173307418823,
				-0.0,
				0.02272757887840271
			],
			"Up" : 
			[
				0.015148596838116646,
				0.74547880887985229,
				-0.66635715961456299
			],
			"Yaw" : -448.69769287109375,
			"cameraMode" : 0,
			"cameraTarget" : 
			[
				9.8436174392700195,
				7.8903012275695801,
				21.763313293457031
			],
			"fov" : 60.0,
			"zFar" : 100.0,
			"zNear" : 0.10000000149011612
		}
	},
	"cameraMovement" : true,
	"name" : "MainScene",
	"sceneGraph" : 
	{
		"SerializableType" : 1,
		"id" : 1,
		"object" : 
		{
			"children" : 
			[
				{
					"SerializableType" : 1,
					"id" : 2,
					"object" : 
					{
						"children" : 
						[
							{
								"SerializableType" : 1,
								"id" : 4,
								"object" : 
								{
									"components" : 
									[
										{
											"SerializableType" : 2,
											"id" : 5,
											"object" : 
											{
												"modelPath" : "..\\res\\models\\sphere2\\sphere2.obj",
												"name" : "ModelMesh"
											}
										}
									],
									"localTransform" : 
									{
										"position" : 
										[
											0.0,
											2.0,
											0.0
										],
										"rotationEuler" : 
										[
											0.0,
											0.0,
											0.0
										],
										"scale" : 
										[
											1.0,
											1.0,
											1.0
										]
									},
									"name" : "SecondModel",
									"worldTransform" : 
									{
										"modelMatrix" : 
										[
											[
												0.81529629230499268,
												0.012656889855861664,
												0.57890558242797852,
												0.0
											],
											[
												-0.14034563302993774,
												0.9742702841758728,
												0.17635352909564972,
												0.0
											],
											[
												-0.56177842617034912,
												-0.22502724826335907,
												0.79609531164169312,
												0.0
											],
											[
												-0.28069126605987549,
												1.9485405683517456,
												0.35270705819129944,
												1.0
											]
										]
									}
								}
							}
						],
						"components" : 
						[
							{
								"SerializableType" : 2,
								"id" : 3,
								"object" : 
								{
									"modelPath" : "..\\res\\models\\box\\box.obj",
									"name" : "ModelMesh"
								}
							}
						],
						"localTransform" : 
						{
							"position" : 
							[
								0.0,
								0.0,
								0.0
							],
							"rotationEuler" : 
							[
								12.490632057189941,
								-35.373607635498047,
								0.88940417766571045
							],
							"scale" : 
							[
								1.0,
								1.0,
								1.0
							]
						},
						"name" : "FirstModel",
						"worldTransform" : 
						{
							"modelMatrix" : 
							[
								[
									0.81529629230499268,
									0.012656889855861664,
									0.57890558242797852,
									0.0
								],
								[
									-0.14034563302993774,
									0.9742702841758728,
									0.17635352909564972,
									0.0
								],
								[
									-0.56177842617034912,
									-0.22502724826335907,
									0.79609531164169312,
									0.0
								],
								[
									0.0,
									0.0,
									0.0,
									1.0
								]
							]
						}
					}
				},
				{
					"SerializableType" : 1,
					"id" : 6,
					"object" : 
					{
						"components" : 
						[
							{
								"SerializableType" : 6,
								"id" : 7,
								"object" : 
								{
									"movementSpeed" : 2.7000000476837158,
									"name" : "ActorAI",
									"terrainGenerator" : 
									{
										"SerializableType" : 5,
										"id" : 8,
										"object" : 
										{
											"name" : "TerrainGenerator",
											"terrainSize" : 20
										}
									}
								}
							},
							{
								"SerializableType" : 2,
								"id" : 9,
								"object" : 
								{
									"modelPath" : "..\\res\\models\\sphere\\sphere.obj",
									"name" : "ModelMesh"
								}
							}
						],
						"localTransform" : 
						{
							"position" : 
							[
								5.4911293983459473,
								0.0,
								6.0297684669494629
							],
							"rotationEuler" : 
							[
								-179.99909973144531,
								0.0,
								-0.49993130564689636
							],
							"scale" : 
							[
								0.43999993801116943,
								0.43999987840652466,
								0.43999987840652466
							]
						},
						"name" : "Actor",
						"worldTransform" : 
						{
							"modelMatrix" : 
							[
								[
									0.43998318910598755,
									-0.0038391477428376675,
									-3.1263875968873082e-15,
									0.0
								],
								[
									-0.0038391470443457365,
									-0.43998309969902039,
									-6.8852077674819157e-06,
									0.0
								],
								[
									6.0075755925481644e-08,
									6.8849453782604542e-06,
									-0.43999981880187988,
									0.0
								],
								[
									5.4530019760131836,
									0.0,
									6.0319986343383789,
									1.0
								]
							]
						}
					}
				},
				{
					"SerializableType" : 1,
					"id" : 10,
					"object" : 
					{
						"components" : 
						[
							{
								"SerializableType" : 4,
								"id" : 11,
								"object" : 
								{
									"1" : "GeneratedTerrain",
									"2" : "..\\res\\models\\sphere3\\sphere3_Normal.DDS",
									"3" : "..\\res\\models\\sphere3\\sphere3_Roughness.DDS",
									"4" : "..\\res\\models\\sphere3\\sphere3_Metalness.DDS",
									"name" : "MeshPlane"
								}
							},
							{
								"SerializableType" : 5,
								"id" : 8
							}
						],
						"localTransform" : 
						{
							"position" : 
							[
								9.4226646423339844,
								-0.094999998807907104,
								9.4068536758422852
							],
							"rotationEuler" : 
							[
								90.0,
								0.0,
								0.0
							],
							"scale" : 
							[
								10.0,
								10.0,
								10.0
							]
						},
						"name" : "Terrain",
						"worldTransform" : 
						{
							"modelMatrix" : 
							[
								[
									10.0,
									0.0,
									0.0,
									0.0
								],
								[
									0.0,
									5.9604644775390625e-07,
									9.9999990463256836,
									0.0
								],
								[
									0.0,
									-9.9999990463256836,
									5.9604644775390625e-07,
									0.0
								],
								[
									9.4226646423339844,
									-0.094999998807907104,
									9.4068536758422852,
									1.0
								]
							]
						}
					}
				},
				{
					"SerializableType" : 1,
					"id" : 12,
					"object" : 
					{
						"components" : 
						[
							{
								"SerializableType" : 2,
								"id" : 13,
								"object" : 
								{
									"modelPath" : "..\\res\\models\\box\\box.obj",
									"name" : "ModelMesh"
								}
							},
							{
								"SerializableType" : 6,
								"id" : 14,
								"object" : 
								{
									"movementSpeed" : 4.0999999046325684,
									"name" : "ActorAI",
									"terrainGenerator" : 
									{
										"SerializableType" : 5,
										"id" : 8
									}
								}
							}
						],
						"localTransform" : 
						{
							"position" : 
							[
								7.7605171203613281,
								0.0,
								9.0361871719360352
							],
							"rotationEuler" : 
							[
								0.0,
								0.0,
								0.0
							],
							"scale" : 
							[
								1.0,
								1.0,
								1.0
							]
						},
						"name" : "Actor2",