{
	"camera" : 
	{
		"SerializableType" : 3,
		"id" : 1,
		"object" : 
		{
			"Front" : 
			[
				0.021917082369327545,
				-0.77824246883392334,
				-0.62758129835128784
			],
			"Pitch" : -51.099937438964844,
			"Position" : 
			[
				11.32125186920166,
				10.505167007446289,
				19.867597579956055
			],
			"Right" : 
			[
				0.99939072132110596,
				-0.0,
				0.034901820123195648
			],
			"Up" : 
			[
				0.027162078768014908,
				0.62796390056610107,
				-0.77776831388473511
			],
			"Yaw" : -447.9998779296875,
			"cameraMode" : 0,
			"cameraTarget" : 
			[
				11.343169212341309,
				9.7269248962402344,
				19.240016937255859
			],
			"fov" : 60.0,
			"zFar" : 100.0,
			"zNear" : 0.10000000149011612
		}
	},
	"cameraMovement" : true,
	"name" : "MainScene",
	"sceneGraph" : 
	{
		"SerializableType" : 1,
		"id" : 1,
		"object" : 
		{
			"children" : 
			[
				{
					"SerializableType" : 1,
					"id" : 2,
					"object" : 
					{
						"children" : 
						[
							{
								"SerializableType" : 1,
								"id" : 4,
								"object" : 
								{
									"components" : 
									[
										{
											"SerializableType" : 2,
											"id" : 5,
											"object" : 
											{
												"modelPath" : "C:\\Studia\\Semestr6\\SparkRenderer\\res\\models\\box\\box.obj"
											}
										}
									],
									"localTransform" : 
									{
										"position" : 
										[
											0.0,
											2.0,
											0.0
										],
										"rotationEuler" : 
										[
											0.0,
											0.0,
											0.0
										],
										"scale" : 
										[
											1.0,
											1.0,
											1.0
										]
									},
									"name" : "SecondModel",
									"worldTransform" : 
									{
										"modelMatrix" : 
										[
											[
												0.8170238733291626,
												2.5331974029541016e-07,
												0.57660382986068726,
												0.0
											],
											[
												-0.39862483739852905,
												0.72253721952438354,
												0.56483465433120728,
												0.0
											],
											[
												-0.41661757230758667,
												-0.69133204221725464,
												0.59033024311065674,
												0.0
											],
											[
												-0.79724967479705811,
												1.4450744390487671,
												1.1296693086624146,
												1.0
											]
										]
									}
								}
							}
						],
						"components" : 
						[
							{
								"SerializableType" : 2,
								"id" : 3,
								"object" : 
								{
									"modelPath" : "C:\\Studia\\Semestr6\\SparkRenderer\\res\\models\\box\\box.obj"
								}
							}
						],
						"localTransform" : 
						{
							"position" : 
							[
								0.0,
								0.0,
								0.0
							],
							"rotationEuler" : 
							[
								43.735630035400391,
								-35.212028503417969,
								1.8458717022440396e-05
							],
							"scale" : 
							[
								1.0,
								1.0,
								1.0
							]
						},
						"name" : "FirstModel",
						"worldTransform" : 
						{
							"modelMatrix" : 
							[
								[
									0.8170238733291626,
									2.5331974029541016e-07,
									0.57660382986068726,
									0.0
								],
								[
									-0.39862483739852905,
									0.72253721952438354,
									0.56483465433120728,
									0.0
								],
								[
									-0.41661757230758667,
									-0.69133204221725464,
									0.59033024311065674,
									0.0
								],
								[
									0.0,
									0.0,
									0.0,
									1.0
								]
							]
						}
					}
				},
				{
					"SerializableType" : 1,
					"id" : 6,
					"object" : 
					{
						"components" : 
						[
							{
								"SerializableType" : 6,
								"id" : 7,
								"object" : 
								{
									"movementSpeed" : 2.7000000476837158,
									"name" : "ActorAI",
									"terrainGenerator" : 
									{
										"SerializableType" : 5,
										"id" : 8,
										"object" : 
										{
											"name" : "TerrainGenerator"
										}
									}
								}
							},
							{
								"SerializableType" : 2,
								"id" : 9,
								"object" : 
								{
									"modelPath" : "C:\\Studia\\Semestr6\\SparkRenderer\\res\\models\\box\\box.obj"
								}
							}
						],
						"localTransform" : 
						{
							"position" : 
							[
								5.4911293983459473,
								0.0,
								6.0297684669494629
							],
							"rotationEuler" : 
							[
								-179.99909973144531,
								0.0,
								-0.49993130564689636
							],
							"scale" : 
							[
								1.0,
								1.0,
								1.0
							]
						},
						"name" : "Actor",
						"worldTransform" : 
						{
							"modelMatrix" : 
							[
								[
									0.99996191263198853,
									-0.0087253367528319359,
									-7.1054273576010019e-15,
									0.0
								],
								[
									-0.0087253367528319359,
									-0.99996185302734375,
									-1.5648203770979308e-05,
									0.0
								],
								[
									1.3653584574058186e-07,
									1.5647607142454945e-05,
									-0.99999988079071045,
									0.0
								],
								[
									5.4530019760131836,
									0.0,
									6.0319986343383789,
									1.0
								]
							]
						}
					}
				},
				{
					"SerializableType" : 1,
					"id" : 10,
					"object" : 
					{
						"components" : 
						[
							{
								"SerializableType" : 4,
								"id" : 11,
								"object" : 
								{
									"1" : "GeneratedTerrain",
									"name" : "MeshPlane"
								}
							},
							{
								"SerializableType" : 5,
								"id" : 8
							}
						],
						"localTransform" : 
						{
							"position" : 
							[
								9.4226646423339844,
								-0.094999998807907104,
								9.4068536758422852
							],
							"rotationEuler" : 
							[
								90.0,
								0.0,
								0.0
							],
							"scale" : 
							[
								10.0,
								10.0,
								10.0
							]
						},
						"name" : "Terrain",
						"worldTransform" : 
						{
							"modelMatrix" : 
							[
								[
									10.0,
									0.0,
									0.0,
									0.0
								],
								[
									0.0,
									5.9604644775390625e-07,
									9.9999990463256836,
									0.0
								],
								[
									0.0,
									-9.9999990463256836,
									5.9604644775390625e-07,
									0.0
								],
								[
									9.4226646423339844,
									-0.094999998807907104,
									9.4068536758422852,
									1.0
								]
							]
						}
					}
				},
				{
					"SerializableType" : 1,
					"id" : 12,
					"object" : 
					{
						"components" : 
						[
							{
								"SerializableType" : 2,
								"id" : 13,
								"object" : 
								{
									"modelPath" : "C:\\Studia\\Semestr6\\SparkRenderer\\res\\models\\box\\box.obj"
								}
							},
							{
								"SerializableType" : 6,
								"id" : 14,
								"object" : 
								{
									"movementSpeed" : 4.0999999046325684,
									"name" : "ActorAI",
									"terrainGenerator" : 
									{
										"SerializableType" : 5,
										"id" : 8
									}
								}
							}
						],
						"localTransform" : 
						{
							"position" : 
							[
								7.7605171203613281,
								0.0,
								9.0361871719360352
							],
							"rotationEuler" : 
							[
								0.0,
								0.0,
								0.0
							],
							"scale" : 
							[
								1.0,
								1.0,
								1.0
							]
						},
						"name" : "Actor2",
						"worldTransform" : 
						{
							"modelMatrix" : 
							[
								[
									1.0,
									0.0,
									0.0,
									0.0
								],
								[
									0.0,
									1.0,
									0.0,
									0.0
								],
								[
									0.0,
									0.0,
									1.0,
									0.0
								],
								[
									7.7465319633483887,
									0.0,
									8.9799022674560547,
									1.0
								]
							]
						}
					}
				},
				{
					"SerializableType" : 1,
					"id" : 15,
					"object" : 
					{
						"components" : 
						[
							{
								"SerializableType" : 7,
								"id" : 16,